customer_id,name,phone,email,email_valid,grade,lead_source,lead_source_conf,interest_type,signup_date,region,budget,status,dup_person_of
C00157,오유진,010-2392-2791,오유진@example.com,False,VIP,전시관행사,확정,59B,2026-10-02,전북,85000,휴면,
C00098,정예준,,정예준@example.com,False,일반,블로그,확정,114A,2024-01-11,제주,95000,이탈,
C00426,전지우,010-7997-4436,user426@example.com,True,일반,옥외광고,추정,102A,2025-09-26,충북,63000,휴면,
C00580,김우진,010-9601-6020,user580@example.com,True,일반,전시관행사,확정,84A,2025-01-17,경기,85000,활성,
C00023,강동현,,강동현@example.com,False,신규,직접유입,확정,59B,2025-06-10,울산,63000,활성,
C00237,박은서,010-9166-8324,user237@example.com,True,VIP,블로그,확정,102A,2026-01-04,경기,35000,활성,
C00334,최나윤,010-5146-1200,user334@example.com,True,신규,블로그,확정,84B,2024-10-16,경남,120000,휴면,
C00269,홍소율,010-1271-4315,user269@example.com,True,일반,지인추천이벤트,확정,84B,2024-03-16,경기,,이탈,
C00210,한승우,010-7510-6343,한승우@example.com,False,신규,블로그,확정,114A,2024-12-20,전남,42000,휴면,
C00026,박선우,010-3041-5920,박선우@example.com,False,VIP,SNS광고,확정,74A,2025-12-10,광주,95000,휴면,
C00151,박민준,010-4305-1530,박민준@example.com,False,VIP,SNS광고,확정,84A,2026-09-17,서울,,이탈,
C00028,강선우,010-6491-2530,user28@example.com,True,VIP,직접유입,확정,59B,2024-03-01,인천,120000,휴면,
C00132,박승우,010-3218-7887,user132@example.com,True,VVIP,SNS광고,확정,84A,2025-07-03,대구,85000,활성,
C00434,서서준,010-2999-9763,user434@example.com,True,일반,블로그,확정,84A,2024-07-09,울산,71000,활성,
C00173,임하윤,010-6905-5102,임하윤@example.com,False,일반,지인추천이벤트,확정,59A,2025-11-10,울산,95000,활성,
C00557,신시우,,user557@example.com,True,일반,SNS광고,확정,84A,2025-12-20,전북,42000,휴면,
C00190,권윤서,010-5984-1660,권윤서@example.com,False,일반,전시관행사,확정,59B,2024-12-08,전북,,활성,
C00037,전민준,010-7149-7498,전민준@example.com,False,VIP,포털검색광고,확정,102A,2026-04-04,강원,,활성,
C00290,서태윤,010-6136-6191,서태윤@example.com,False,VIP,직접유입,확정,84B,2026-07-09,충남,,이탈,
C00170,윤하은,010-5402-7786,윤하은@example.com,False,신규,옥외광고,추정,102A,2024-07-17,충남,120000,휴면,
C00045,전서준,010-1841-5136,user45@example.com,True,VIP,옥외광고,추정,84A,2025-02-19,경기,71000,활성,
C00174,최민준,010-9510-8291,user174@example.com,True,VIP,전시관행사,확정,114A,2024-07-23,울산,95000,활성,
C00527,윤주원,,user527@example.com,True,VIP,전시관행사,확정,59A,2025-04-15,세종,,활성,
C00050,윤선우,010-5415-1659,윤선우@example.com,False,신규,블로그,확정,102A,2025-05-06,전남,120000,활성,
C00568,정윤서,010-3070-3337,user568@example.com,True,관심고객,직접유입,확정,59A,2026-11-12,울산,,휴면,
C00097,김수아,010-2698-6447,김수아@example.com,False,VIP,전시관행사,확정,84B,2025-11-06,경북,120000,활성,
C00377,이나윤,010-3796-2047,user377@example.com,True,VIP,블로그,확정,84B,2026-04-03,전남,85000,휴면,
C00278,윤우진,010-1076-5277,윤우진@example.com,False,일반,블로그,확정,59A,2026-02-17,부산,71000,이탈,
C00199,오예준,010-2655-6514,user199@example.com,True,일반,지인추천이벤트,확정,59B,2026-07-26,경남,85000,활성,
C00535,장현우,010-8878-2178,user535@example.com,True,VIP,블로그,확정,59B,2024-04-01,충남,120000,휴면,
C00370,장하윤,010-7432-3923,user370@example.com,True,VIP,지인추천이벤트,확정,84B,2025-04-20,경북,71000,활성,
C00384,윤예준,010-3374-4541,user384@example.com,True,VIP,SNS광고,확정,74A,2024-08-24,세종,63000,활성,
C00514,오지우,010-2531-6716,user514@example.com,True,관심고객,블로그,확정,84B,2024-03-05,충북,,이탈,
C00198,홍지호,010-4300-3137,user198@example.com,True,VIP,지인추천이벤트,확정,114A,2025-01-01,대구,42000,이탈,
C00054,최은서,010-5781-9337,최은서@example.com,False,일반,블로그,확정,84A,2024-08-18,제주,58000,활성,
C00079,신도윤,010-6830-3122,user79@example.com,True,일반,포털검색광고,확정,59A,2024-04-10,대구,71000,활성,
C00295,임준서,010-8816-5908,user295@example.com,True,일반,SNS광고,확정,114A,2025-10-08,충남,63000,휴면,
C00253,김은서,010-3916-5127,,False,관심고객,직접유입,확정,74A,2025-07-15,전남,85000,활성,
C00185,이하윤,010-7568-2129,user185@example.com,True,일반,직접유입,확정,114A,2025-06-03,서울,71000,이탈,
C00142,윤준서,010-9005-9037,user142@example.com,True,VIP,전시관행사,확정,59B,2024-12-18,경기,42000,활성,
C00496,박서연,010-2065-3089,박서연@example.com,False,VVIP,블로그,확정,59A,2025-10-21,부산,,활성,
C00264,권나윤,010-9542-5480,user264@example.com,True,관심고객,블로그,확정,84B,2024-07-21,인천,,활성,
C00122,장시윤,010-5450-3249,user122@example.com,True,관심고객,포털검색광고,확정,59B,2024-01-22,울산,63000,활성,
C00482,임시우,010-7672-3772,user482@example.com,True,관심고객,전시관행사,확정,59B,2024-12-02,부산,85000,활성,
C00143,김지민,010-3474-1149,user143@example.com,True,신규,블로그,확정,74A,2024-10-21,경남,120000,활성,
C00257,홍가은,010-1891-9992,user257@example.com,True,VIP,블로그,확정,59A,2025-11-03,광주,,휴면,
C00070,장동현,,user70@example.com,True,VIP,전시관행사,확정,114A,2024-10-11,경기,,활성,
C00600,오수아,010-5828-8543,오수아@example.com,False,일반,블로그,확정,84A,2024-04-27,대구,42000,활성,
C00359,신건우,010-7959-1121,신건우@example.com,False,일반,직접유입,확정,102A,2026-05-14,충남,35000,활성,
C00094,황유진,010-1086-2298,황유진@example.com,False,일반,직접유입,확정,114A,2024-09-24,전남,42000,활성,
C00479,서지우,010-5544-2450,user479@example.com,True,VIP,블로그,확정,84B,2026-12-10,부산,42000,활성,
C00333,서건우,010-3459-3656,user333@example.com,True,VIP,블로그,확정,84A,2025-05-24,경북,71000,활성,
C00130,송시우,010-4365-9008,user130@example.com,True,VVIP,블로그,확정,84A,2024-08-05,경북,,활성,
C00165,정주원,010-6138-7122,정주원@example.com,False,일반,블로그,확정,84A,2024-02-19,강원,35000,활성,
C00378,한도윤,010-4493-1746,한도윤@example.com,False,일반,옥외광고,추정,59A,2025-03-25,충남,,활성,
C00492,전하윤,010-5253-4734,user492@example.com,True,일반,블로그,확정,102A,2026-09-20,경북,35000,휴면,
C00209,홍시우,010-3738-4471,user209@example.com,True,VIP,블로그,확정,84A,2024-11-14,대구,,활성,
C00375,황건우,010-1268-1606,황건우@example.com,False,VIP,전시관행사,확정,114A,2026-01-13,제주,120000,이탈,
C00125,임소율,010-8444-9901,user125@example.com,True,VVIP,지인추천이벤트,확정,114A,2026-08-09,충북,58000,휴면,
C00389,서하윤,010-1022-2158,서하윤@example.com,False,VVIP,전시관행사,확정,84B,2024-05-14,광주,42000,이탈,
C00483,서가은,010-4874-9076,,False,VIP,직접유입,확정,59A,2025-08-18,경남,35000,휴면,
C00432,윤승우,010-5498-8200,user432@example.com,True,일반,포털검색광고,확정,59A,2025-09-12,부산,120000,활성,
C00455,장지우,010-6071-9964,장지우@example.com,False,일반,옥외광고,추정,84A,2026-01-01,서울,120000,휴면,
C00469,안우진,010-4360-9919,안우진@example.com,False,VIP,전시관행사,확정,114A,2026-07-25,인천,35000,이탈,
C00133,강건우,010-1056-1372,user133@example.com,True,신규,블로그,확정,84A,2026-07-27,충남,58000,활성,
C00274,최시윤,010-2642-4513,user274@example.com,True,일반,전시관행사,확정,114A,2026-10-23,경기,35000,활성,
C00046,윤도윤,010-4697-9561,user46@example.com,True,신규,블로그,확정,74A,2026-07-10,경기,42000,활성,
C00211,정시우,010-2641-2730,user211@example.com,True,일반,직접유입,확정,114A,2026-06-14,경남,,이탈,
C00282,홍수아,010-9071-1108,user282@example.com,True,일반,블로그,확정,74A,2026-06-16,세종,120000,활성,
C00510,신수아,010-3942-8236,신수아@example.com,False,일반,옥외광고,추정,74A,2024-05-27,인천,71000,활성,
C00162,박소율,010-6340-4228,user162@example.com,True,VIP,직접유입,확정,102A,2025-09-21,전북,,휴면,
C00249,송수아,010-4012-9529,user249@example.com,True,일반,블로그,확정,59B,2025-09-18,충남,63000,활성,
C00525,최현우,010-1797-7183,user525@example.com,True,VVIP,직접유입,확정,74A,2024-04-03,서울,42000,활성,
C00429,윤현우,,user429@example.com,True,일반,직접유입,확정,84A,2025-09-14,경기,58000,활성,
C00529,한태윤,,user529@example.com,True,VVIP,포털검색광고,확정,84A,2025-09-21,제주,,활성,
C00230,조수아,,조수아@example.com,False,신규,직접유입,확정,102A,2025-06-08,인천,42000,이탈,
C00062,임민준,010-1803-9138,임민준@example.com,False,일반,직접유입,확정,84B,2025-04-21,대구,42000,활성,
C00365,임준서,010-7222-7390,임준서@example.com,False,일반,지인추천이벤트,확정,84B,2025-01-10,경북,95000,활성,
C00319,임민준,010-8719-1372,user319@example.com,True,일반,블로그,확정,59B,2024-09-17,경남,,활성,
C00068,윤태윤,010-6876-1992,user68@example.com,True,일반,직접유입,확정,59A,2025-02-22,서울,63000,활성,
C00385,정서연,010-8627-8513,,False,VIP,전시관행사,확정,59B,2025-10-06,대전,,이탈,
C00598,오지우,010-6463-3264,user598@example.com,True,일반,SNS광고,확정,84B,2025-09-18,울산,95000,활성,
C00251,서승우,010-5633-1404,서승우@example.com,False,신규,블로그,확정,84A,2025-01-10,광주,85000,이탈,
C00245,정가은,010-9866-1529,user245@example.com,True,일반,블로그,확정,59A,2026-11-24,울산,,휴면,
C00273,신소율,010-4337-7770,user273@example.com,True,VIP,전시관행사,확정,84B,2026-08-09,충남,95000,활성,
C00256,최서연,010-2394-5992,user256@example.com,True,VIP,전시관행사,확정,59B,2025-11-28,대전,58000,활성,
C00267,이시우,010-1642-3406,user267@example.com,True,VIP,직접유입,확정,59B,2026-07-20,서울,71000,활성,
C00454,박하은,010-3941-3985,user454@example.com,True,VIP,옥외광고,추정,84A,2026-05-11,경북,120000,이탈,
C00427,서윤서,010-3958-1304,user427@example.com,True,관심고객,블로그,확정,59B,2026-12-15,전남,,활성,
C00298,정유진,010-1241-9086,,False,일반,SNS광고,확정,74A,2025-06-15,경기,35000,활성,
C00300,안선우,010-6113-6293,안선우@example.com,False,VIP,블로그,확정,102A,2026-09-04,강원,63000,활성,
C00075,오태윤,010-1842-5712,user75@example.com,True,일반,옥외광고,추정,84B,2026-04-05,울산,42000,활성,
C00195,김현우,010-8940-6636,김현우@example.com,False,일반,직접유입,확정,59B,2024-06-20,경기,120000,이탈,
C00565,오소율,010-7876-3514,user565@example.com,True,일반,SNS광고,확정,84A,2024-10-08,부산,95000,활성,
C00521,박유진,010-7738-2986,박유진@example.com,False,VIP,옥외광고,추정,84B,2025-07-15,제주,35000,휴면,
C00035,한지우,010-7906-5133,한지우@example.com,False,신규,블로그,확정,102A,2026-01-12,경기,63000,활성,
C00049,전승우,010-7594-5460,user49@example.com,True,신규,옥외광고,추정,84B,2024-07-24,세종,35000,활성,
C00303,권시윤,010-3207-5107,user303@example.com,True,신규,블로그,확정,84B,2025-09-23,대전,,활성,
C00234,강우진,,user234@example.com,True,VIP,지인추천이벤트,확정,84A,2025-02-14,인천,71000,활성,
C00255,서가은,010-3234-7406,user255@example.com,True,VIP,지인추천이벤트,확정,74A,2026-12-21,서울,,활성,
C00287,장건우,010-3676-1983,,False,일반,직접유입,확정,84A,2026-02-15,세종,85000,활성,
C00472,임소율,010-9737-4831,임소율@example.com,False,일반,직접유입,확정,102A,2026-10-22,제주,63000,활성,
C00039,강시윤,010-9817-8921,user39@example.com,True,일반,포털검색광고,확정,74A,2025-04-27,세종,120000,활성,
C00507,황주원,010-2062-3743,황주원@example.com,False,일반,블로그,확정,74A,2025-09-15,충남,,휴면,
C00505,오동현,010-8106-2071,user505@example.com,True,VIP,지인추천이벤트,확정,114A,2024-04-18,충남,85000,이탈,
C00497,임태윤,010-4819-1173,user497@example.com,True,일반,블로그,확정,114A,2025-10-20,서울,85000,이탈,
C00139,조준서,010-1251-4470,user139@example.com,True,VIP,옥외광고,추정,102A,2025-04-23,광주,95000,활성,
C00272,김유진,010-9515-1117,,False,VIP,직접유입,확정,102A,2025-07-12,세종,71000,이탈,
C00007,이태윤,010-7916-2040,user7@example.com,True,일반,포털검색광고,확정,84A,2026-05-18,서울,42000,이탈,
C00444,장도윤,010-5603-6907,user444@example.com,True,일반,직접유입,확정,84B,2025-09-11,대전,85000,휴면,
C00001,최민준,010-2679-9935,최민준@example.com,False,관심고객,SNS광고,확정,59A,2024-02-07,서울,,휴면,
C00069,전주원,010-4538-4817,user69@example.com,True,일반,지인추천이벤트,확정,114A,2026-01-09,대구,58000,이탈,
C00318,홍가은,010-1735-4825,홍가은@example.com,False,VIP,전시관행사,확정,59B,2026-02-04,울산,,활성,
C00232,신시윤,010-1158-3267,user232@example.com,True,일반,전시관행사,확정,84A,2026-05-24,대전,42000,휴면,
C00159,최서준,010-3321-6707,user159@example.com,True,일반,블로그,확정,114A,2024-09-16,부산,120000,활성,
C00320,김현우,010-3790-1984,user320@example.com,True,일반,포털검색광고,확정,74A,2024-08-21,인천,95000,활성,
C00379,권지호,010-7162-3584,,False,VVIP,블로그,확정,59A,2024-01-06,강원,95000,휴면,
C00294,안채원,010-9841-4721,user294@example.com,True,신규,직접유입,확정,74A,2025-05-05,서울,58000,활성,
C00569,권하윤,010-5699-5519,user569@example.com,True,신규,직접유입,확정,74A,2026-02-10,충북,42000,활성,
C00022,최수아,010-3532-4878,최수아@example.com,False,일반,지인추천이벤트,확정,84A,2024-03-24,전남,63000,활성,
C00029,전주원,010-3417-1090,전주원@example.com,False,일반,SNS광고,확정,59B,2024-12-17,울산,42000,휴면,
C00493,이태윤,010-5489-2994,이태윤@example.com,False,신규,전시관행사,확정,84B,2024-12-08,경북,85000,활성,
C00329,서하은,010-6126-7457,user329@example.com,True,신규,옥외광고,추정,84A,2025-01-08,전북,35000,이탈,
C00353,송유진,010-8972-2873,user353@example.com,True,일반,블로그,확정,59A,2025-03-10,인천,,활성,
C00302,오하은,010-6544-1983,user302@example.com,True,일반,지인추천이벤트,확정,102A,2026-02-05,충북,,활성,
C00042,서유진,010-9698-6632,user42@example.com,True,VIP,블로그,확정,74A,2025-12-15,세종,63000,활성,
C00413,김시윤,010-8777-7004,user413@example.com,True,신규,옥외광고,추정,59B,2025-07-14,전남,42000,활성,
C00036,김우진,010-4571-8619,user36@example.com,True,일반,전시관행사,확정,59B,2026-10-24,대전,71000,활성,
C00595,임지호,010-2841-9057,임지호@example.com,False,VIP,직접유입,확정,59A,2025-06-03,부산,42000,활성,
C00545,김우진,010-5072-7036,user545@example.com,True,관심고객,블로그,확정,84B,2025-11-07,충북,35000,활성,
C00058,장지우,010-6383-9742,user58@example.com,True,일반,블로그,확정,114A,2026-01-20,강원,63000,활성,
C00239,최도윤,010-5783-9973,최도윤@example.com,False,VIP,옥외광고,추정,59A,2024-08-05,전남,42000,활성,
C00223,안도윤,010-1885-3470,안도윤@example.com,False,일반,전시관행사,확정,84A,2026-08-05,대전,42000,휴면,
C00244,송준서,010-9747-5684,user244@example.com,True,일반,블로그,확정,84B,2024-01-13,경기,71000,활성,
C00406,강서연,010-6832-1798,user406@example.com,True,일반,블로그,확정,102A,2024-09-07,대전,42000,이탈,
C00578,신우진,010-8961-2353,신우진@example.com,False,일반,포털검색광고,확정,59B,2026-09-06,세종,63000,휴면,
C00567,황도윤,010-5440-2623,user567@example.com,True,VIP,전시관행사,확정,114A,2025-03-12,전북,120000,이탈,
C00077,서예준,,user77@example.com,True,VIP,블로그,확정,59B,2025-07-15,충남,71000,활성,
C00500,안가은,010-4201-4282,안가은@example.com,False,일반,옥외광고,추정,74A,2024-11-16,경북,,활성,
C00262,안다은,,user262@example.com,True,일반,포털검색광고,확정,102A,2024-09-05,대전,,이탈,
C00183,안수아,010-3577-5179,user183@example.com,True,VVIP,포털검색광고,확정,102A,2026-02-08,서울,63000,활성,
C00312,안건우,010-8542-6827,user312@example.com,True,VIP,직접유입,확정,74A,2026-04-08,강원,42000,이탈,
C00021,최예준,010-1590-7049,최예준@example.com,False,일반,지인추천이벤트,확정,59A,2025-06-26,경기,63000,활성,
C00478,황가은,010-9270-8551,황가은@example.com,False,VIP,블로그,확정,59B,2026-06-03,전남,95000,활성,
C00081,한소율,010-6154-2527,user81@example.com,True,VIP,전시관행사,확정,59B,2026-08-27,충남,42000,휴면,
C00301,이태윤,010-8113-6316,user301@example.com,True,VIP,직접유입,확정,84B,2024-07-26,경남,,활성,
C00495,한가은,010-6583-1891,user495@example.com,True,신규,직접유입,확정,59A,2026-10-15,경북,,활성,
C00078,전우진,010-1815-2336,,False,신규,SNS광고,확정,84A,2026-08-14,제주,42000,활성,
C00346,임승우,010-6460-8649,user346@example.com,True,VIP,블로그,확정,114A,2026-12-10,광주,85000,활성,
C00025,신우진,010-4114-5173,신우진@example.com,False,VIP,SNS광고,확정,59A,2026-09-22,광주,85000,휴면,
C00121,황수아,010-5715-2996,user121@example.com,True,VVIP,SNS광고,확정,114A,2025-03-10,인천,85000,휴면,
C00018,정승우,010-5669-3584,user18@example.com,True,일반,블로그,확정,102A,2025-10-26,서울,,활성,
C00258,한수아,010-2143-4170,user258@example.com,True,신규,블로그,확정,74A,2026-11-10,대구,,이탈,
C00087,최건우,010-3463-6461,user87@example.com,True,관심고객,지인추천이벤트,확정,74A,2025-11-23,대구,,활성,
C00583,윤채원,010-2742-3137,user583@example.com,True,VIP,포털검색광고,확정,102A,2024-04-23,부산,,활성,
C00242,신우진,010-6617-5819,신우진@example.com,False,일반,지인추천이벤트,확정,59B,2025-10-23,제주,71000,이탈,
C00137,임현우,010-4692-5927,user137@example.com,True,일반,블로그,확정,59A,2026-07-14,대구,95000,활성,
C00010,박하은,010-3705-5342,user10@example.com,True,일반,블로그,확정,114A,2026-12-07,전북,85000,휴면,
C00104,강준서,010-5264-8311,user104@example.com,True,관심고객,직접유입,확정,102A,2025-04-04,경북,58000,휴면,
C00543,김서연,010-1685-2586,user543@example.com,True,신규,블로그,확정,84A,2026-09-25,경남,120000,활성,
C00528,이예준,010-9185-2668,이예준@example.com,False,일반,옥외광고,추정,84B,2025-11-23,대구,85000,활성,
C00517,이수아,010-7731-7407,user517@example.com,True,VIP,지인추천이벤트,확정,84B,2025-08-24,대구,63000,활성,
C00002,윤은서,,user2@example.com,True,일반,지인추천이벤트,확정,102A,2025-06-09,부산,85000,활성,
C00227,오하은,010-7609-1313,user227@example.com,True,일반,지인추천이벤트,확정,59B,2026-01-19,부산,35000,휴면,
C00587,안은서,010-4609-5855,user587@example.com,True,신규,옥외광고,추정,59B,2024-01-18,대구,71000,활성,
C00005,강은서,010-4598-6313,user5@example.com,True,일반,블로그,확정,114A,2025-07-09,충북,63000,휴면,
C00394,신선우,010-8272-1351,user394@example.com,True,일반,옥외광고,추정,59A,2024-09-21,충북,85000,휴면,
C00362,이채원,010-5780-1447,user362@example.com,True,신규,옥외광고,추정,59B,2026-02-28,세종,58000,이탈,
C00148,전시우,010-2260-5903,전시우@example.com,False,관심고객,직접유입,확정,84B,2025-11-18,대구,42000,이탈,
C00369,장서준,010-5528-7995,user369@example.com,True,일반,지인추천이벤트,확정,114A,2024-05-25,충북,35000,활성,
C00206,오민준,010-8869-4271,user206@example.com,True,VIP,직접유입,확정,59B,2026-05-03,부산,120000,휴면,
C00573,조민준,010-5994-9446,조민준@example.com,False,VVIP,블로그,확정,84B,2025-01-12,충북,71000,활성,
C00596,홍시우,010-7967-3461,user596@example.com,True,관심고객,직접유입,확정,74A,2024-05-16,세종,42000,활성,
C00154,서동현,010-3230-5922,서동현@example.com,False,관심고객,직접유입,확정,84A,2025-03-13,강원,120000,이탈,
C00044,임지호,010-3073-5494,user44@example.com,True,VIP,블로그,확정,74A,2026-03-21,경남,42000,활성,
C00116,서다은,010-8761-9508,,False,VIP,포털검색광고,확정,84B,2024-06-20,전북,,활성,
C00445,정건우,010-1871-4095,정건우@example.com,False,VIP,직접유입,확정,59B,2024-08-09,전남,42000,휴면,
C00031,안준서,010-5681-4841,user31@example.com,True,일반,전시관행사,확정,84B,2024-03-05,대구,63000,활성,
C00191,임윤서,010-8408-5093,임윤서@example.com,False,신규,옥외광고,추정,114A,2024-02-01,대구,63000,휴면,
C00414,최은서,010-5723-1665,user414@example.com,True,일반,블로그,확정,59A,2025-05-15,강원,120000,활성,
C00554,서지우,010-7412-7407,user554@example.com,True,신규,직접유입,확정,74A,2026-04-23,전북,42000,활성,
C00544,홍지민,010-6164-4925,user544@example.com,True,VIP,SNS광고,확정,84A,2026-01-12,부산,95000,활성,
C00127,한승우,010-5374-6400,user127@example.com,True,관심고객,포털검색광고,확정,59A,2025-11-12,경기,120000,활성,
C00388,송하은,010-3174-6872,user388@example.com,True,일반,옥외광고,추정,59A,2025-11-10,서울,120000,활성,
C00347,조서준,010-2927-5467,user347@example.com,True,VIP,직접유입,확정,59A,2024-10-18,광주,,활성,
C00489,박동현,010-8293-3022,박동현@example.com,False,일반,SNS광고,확정,114A,2026-06-13,서울,63000,휴면,
C00188,최다은,010-2020-8126,user188@example.com,True,일반,직접유입,확정,74A,2025-07-23,충북,85000,휴면,
C00299,서예준,010-5097-7251,user299@example.com,True,VIP,직접유입,확정,84A,2025-04-24,광주,120000,활성,
C00175,최도윤,010-3181-3340,user175@example.com,True,신규,포털검색광고,확정,59A,2026-11-06,광주,58000,휴면,
C00336,이도윤,010-3906-8460,user336@example.com,True,VVIP,블로그,확정,59A,2025-06-12,인천,95000,이탈,
C00243,한유진,010-4435-5760,한유진@example.com,False,VVIP,지인추천이벤트,확정,102A,2026-03-17,충북,42000,활성,
C00147,조나윤,010-1762-2218,조나윤@example.com,False,VVIP,블로그,확정,84B,2026-01-06,충북,35000,활성,
C00020,장나윤,010-5533-1722,,False,일반,지인추천이벤트,확정,102A,2025-03-24,전남,,활성,
C00524,송시윤,010-5476-3514,user524@example.com,True,일반,지인추천이벤트,확정,59B,2026-01-22,경북,35000,이탈,
C00156,정채원,010-7932-7176,user156@example.com,True,신규,포털검색광고,확정,84A,2026-07-18,전남,,활성,
C00508,황준서,010-1599-4394,user508@example.com,True,VVIP,직접유입,확정,84A,2024-07-07,전북,,활성,
C00072,최준서,010-6277-3430,최준서@example.com,False,VIP,직접유입,확정,84B,2026-10-18,전북,,이탈,
C00592,권승우,010-3249-1193,user592@example.com,True,일반,SNS광고,확정,59A,2024-01-25,경기,71000,활성,
C00368,장주원,010-4552-2995,user368@example.com,True,VIP,포털검색광고,확정,59B,2025-11-25,대전,42000,활성,
C00516,최선우,010-9005-1439,,False,일반,옥외광고,추정,84A,2025-04-08,제주,42000,휴면,
C00352,송은서,010-9977-3605,user352@example.com,True,일반,옥외광고,추정,74A,2024-12-19,전남,,활성,
C00214,조승우,010-7126-1920,조승우@example.com,False,VIP,직접유입,확정,102A,2026-07-05,제주,,활성,
C00343,정윤서,010-9753-3719,정윤서@example.com,False,VIP,포털검색광고,확정,59A,2025-12-28,경기,120000,활성,
C00354,홍하은,010-2007-2483,홍하은@example.com,False,일반,지인추천이벤트,확정,84B,2026-01-25,경북,,활성,
C00392,안다은,010-9730-5788,안다은@example.com,False,관심고객,전시관행사,확정,114A,2026-12-26,인천,63000,휴면,
C00452,정승우,010-5762-8671,user452@example.com,True,VIP,블로그,확정,74A,2024-03-22,울산,,휴면,
C00307,홍유진,010-2161-1214,,False,VIP,블로그,확정,114A,2024-08-26,충남,,휴면,
C00060,신소율,010-7267-4945,user60@example.com,True,VVIP,포털검색광고,확정,59B,2024-08-21,세종,35000,휴면,
C00235,김유진,010-4669-6542,김유진@example.com,False,일반,직접유입,확정,84A,2025-11-22,대구,,이탈,
C00581,오유진,010-1669-1008,user581@example.com,True,VIP,전시관행사,확정,59B,2025-08-09,부산,71000,휴면,
C00477,임주원,,user477@example.com,True,신규,전시관행사,확정,59A,2024-07-16,경북,85000,휴면,
C00120,한건우,010-5331-8932,user120@example.com,True,일반,직접유입,확정,84B,2025-04-10,광주,120000,활성,
C00355,서우진,010-6187-5910,user355@example.com,True,VVIP,SNS광고,확정,102A,2025-02-19,전북,58000,활성,
C00271,전동현,010-2600-7971,전동현@example.com,False,일반,블로그,확정,114A,2024-02-10,전남,71000,활성,
C00556,김수아,010-3418-7169,김수아@example.com,False,VIP,지인추천이벤트,확정,59A,2024-06-16,부산,85000,이탈,
C00261,안채원,010-4485-1600,user261@example.com,True,신규,블로그,확정,84A,2026-03-12,강원,58000,휴면,
C00177,홍시윤,010-5942-4366,user177@example.com,True,VIP,SNS광고,확정,74A,2026-01-26,울산,120000,휴면,
C00313,서소율,010-8905-3832,서소율@example.com,False,일반,포털검색광고,확정,114A,2024-10-21,전북,42000,활성,
C00314,한수아,010-2974-4714,한수아@example.com,False,VIP,SNS광고,확정,59A,2025-09-02,대구,85000,이탈,
C00032,신지민,010-7883-7381,user32@example.com,True,일반,포털검색광고,확정,84A,2025-01-12,전북,95000,이탈,
C00471,송소율,010-7926-9278,user471@example.com,True,VIP,블로그,확정,114A,2025-05-21,부산,42000,휴면,
C00340,한수아,,user340@example.com,True,일반,직접유입,확정,74A,2024-05-10,충북,35000,활성,
C00226,임시우,010-2069-1749,user226@example.com,True,일반,블로그,확정,102A,2026-10-17,대구,85000,휴면,
C00475,정준서,010-9669-2934,정준서@example.com,False,신규,블로그,확정,59A,2026-03-18,부산,95000,활성,
C00594,이건우,010-1729-2684,user594@example.com,True,VIP,블로그,확정,114A,2025-03-01,서울,58000,활성,
C00019,최나윤,010-3546-5462,user19@example.com,True,관심고객,직접유입,확정,102A,2025-04-22,세종,,휴면,
C00547,정태윤,010-9267-1520,user547@example.com,True,신규,옥외광고,추정,74A,2026-09-28,경북,42000,휴면,
C00513,권시윤,010-4077-8025,권시윤@example.com,False,일반,블로그,확정,84A,2026-01-12,강원,35000,휴면,
C00288,송건우,,송건우@example.com,False,VIP,전시관행사,확정,114A,2026-10-07,대전,71000,활성,
C00484,윤승우,010-2663-5035,윤승우@example.com,False,일반,포털검색광고,확정,84A,2025-02-28,광주,58000,활성,
C00110,신우진,010-5745-5949,user110@example.com,True,일반,SNS광고,확정,74A,2025-02-23,전남,120000,휴면,
C00499,안채원,010-3385-3415,안채원@example.com,False,일반,포털검색광고,확정,74A,2025-06-01,대구,35000,활성,
C00208,오동현,010-1999-7342,user208@example.com,True,신규,블로그,확정,84B,2024-08-10,경기,,이탈,
C00047,조윤서,010-2229-3564,user47@example.com,True,일반,블로그,확정,102A,2026-08-10,강원,120000,활성,
C00030,정동현,010-6198-8251,user30@example.com,True,일반,블로그,확정,84A,2024-12-28,세종,63000,활성,
C00460,황우진,010-1340-3643,황우진@example.com,False,VIP,직접유입,확정,84A,2025-08-08,충북,,휴면,
C00276,강채원,010-9489-5685,,False,VIP,포털검색광고,확정,84B,2026-12-08,경기,35000,활성,
C00091,전은서,010-9641-7859,user91@example.com,True,일반,직접유입,확정,114A,2026-03-28,경남,85000,이탈,
C00473,한다은,010-2605-3401,user473@example.com,True,일반,SNS광고,확정,59A,2024-01-14,경남,63000,휴면,
C00225,신채원,010-1076-1618,user225@example.com,True,VIP,전시관행사,확정,59A,2025-09-07,울산,63000,활성,
C00341,한지우,010-3877-4178,user341@example.com,True,일반,전시관행사,확정,102A,2025-08-26,경남,58000,휴면,
C00076,송수아,010-8030-1430,user76@example.com,True,VIP,지인추천이벤트,확정,74A,2026-05-11,대전,58000,이탈,
C00457,황채원,010-9824-4127,user457@example.com,True,일반,블로그,확정,59B,2025-07-01,경북,120000,휴면,
C00443,임현우,010-1673-3938,user443@example.com,True,VIP,블로그,확정,84A,2025-08-05,제주,95000,활성,
C00541,신하윤,010-8970-3981,user541@example.com,True,신규,포털검색광고,확정,114A,2024-03-07,광주,71000,휴면,
C00323,장나윤,010-5590-4695,user323@example.com,True,일반,SNS광고,확정,102A,2024-02-24,울산,95000,활성,
C00246,윤다은,010-1769-7251,윤다은@example.com,False,일반,전시관행사,확정,84B,2024-01-24,경북,63000,활성,
C00009,정수아,010-9689-1009,정수아@example.com,False,신규,블로그,확정,59A,2025-05-08,인천,42000,휴면,
C00228,장하은,010-2771-1323,,False,VIP,옥외광고,추정,84A,2025-07-04,경남,58000,활성,
C00012,황주원,010-8744-4981,user12@example.com,True,일반,SNS광고,확정,59B,2024-02-22,전남,95000,휴면,
C00422,전서연,010-1440-6591,user422@example.com,True,VIP,SNS광고,확정,74A,2025-07-12,울산,63000,활성,
C00456,홍시윤,010-6910-7471,user456@example.com,True,VIP,지인추천이벤트,확정,59B,2024-04-04,광주,35000,활성,
C00533,박지민,010-5012-7947,박지민@example.com,False,관심고객,직접유입,확정,74A,2025-10-15,광주,71000,휴면,
C00289,한선우,010-2284-7243,user289@example.com,True,신규,지인추천이벤트,확정,114A,2024-11-26,전남,,이탈,
C00433,장나윤,010-7025-6049,장나윤@example.com,False,VIP,포털검색광고,확정,59A,2026-11-26,울산,71000,이탈,
C00197,강지호,010-1462-6761,user197@example.com,True,관심고객,직접유입,확정,114A,2025-09-10,인천,35000,활성,
C00599,전유진,010-4593-2429,user599@example.com,True,일반,블로그,확정,59B,2024-06-18,대구,42000,활성,
C00164,신우진,010-9804-3838,user164@example.com,True,신규,직접유입,확정,59B,2024-06-27,경기,35000,휴면,
C00140,송지우,010-6886-6053,송지우@example.com,False,일반,블로그,확정,84A,2025-02-26,경남,85000,활성,
C00013,이선우,010-6559-2790,user13@example.com,True,일반,직접유입,확정,84B,2025-03-14,울산,42000,휴면,
C00229,김서준,010-3247-7862,user229@example.com,True,신규,포털검색광고,확정,59A,2025-02-26,광주,71000,이탈,
C00555,한하은,010-5981-8496,한하은@example.com,False,관심고객,지인추천이벤트,확정,84A,2026-08-10,광주,63000,활성,
C00339,홍지호,,홍지호@example.com,False,VIP,블로그,확정,102A,2024-12-28,전남,95000,활성,
C00106,윤도윤,010-9094-1430,윤도윤@example.com,False,신규,포털검색광고,확정,74A,2025-09-05,인천,42000,활성,
C00085,홍다은,010-1672-8368,user85@example.com,True,일반,포털검색광고,확정,84A,2026-03-02,충북,42000,이탈,
C00160,박서준,,user160@example.com,True,일반,옥외광고,추정,102A,2024-12-08,대전,85000,이탈,
C00360,전준서,010-2311-3327,전준서@example.com,False,신규,블로그,확정,59A,2026-10-03,인천,,이탈,
C00438,전가은,010-7022-3980,user438@example.com,True,VVIP,SNS광고,확정,114A,2026-04-01,울산,42000,휴면,
C00144,김건우,010-5501-9777,,False,VIP,블로그,확정,114A,2026-11-14,대전,42000,활성,
C00522,김예준,010-6630-7542,user522@example.com,True,일반,블로그,확정,59A,2025-02-23,충북,120000,휴면,
C00428,안주원,010-5919-8133,user428@example.com,True,일반,옥외광고,추정,102A,2024-07-09,대전,71000,이탈,
C00564,신예준,010-3675-7554,user564@example.com,True,VIP,직접유입,확정,102A,2025-12-05,인천,71000,활성,
C00309,윤소율,010-7802-2728,user309@example.com,True,VIP,블로그,확정,102A,2026-07-04,전북,,활성,
C00233,서은서,010-3953-2775,user233@example.com,True,VIP,블로그,확정,114A,2024-02-14,경남,,휴면,
C00397,송유진,010-7109-8347,user397@example.com,True,신규,직접유입,확정,59A,2024-07-16,경북,85000,활성,
C00480,홍건우,010-4103-8796,,False,VIP,블로그,확정,59B,2024-05-26,경북,42000,이탈,
C00348,송지우,010-5011-3806,user348@example.com,True,일반,포털검색광고,확정,74A,2026-08-02,경기,42000,휴면,
C00240,홍주원,010-8488-4122,user240@example.com,True,VIP,SNS광고,확정,59A,2026-11-19,경북,,이탈,
C00503,조채원,010-1486-4262,user503@example.com,True,일반,지인추천이벤트,확정,59B,2025-12-06,울산,58000,활성,
C00179,김소율,,user179@example.com,True,VIP,SNS광고,확정,84B,2025-11-23,전남,95000,휴면,
C00350,박가은,010-6085-8625,박가은@example.com,False,일반,직접유입,확정,59B,2026-05-12,충북,85000,휴면,
C00247,전건우,010-4170-5819,전건우@example.com,False,VIP,옥외광고,추정,59B,2024-12-17,전남,71000,이탈,
C00367,조다은,010-9972-1173,user367@example.com,True,일반,옥외광고,추정,59A,2025-02-17,충남,63000,활성,
C00476,최수아,010-7086-5995,,False,일반,직접유입,확정,84A,2024-03-05,전남,35000,활성,
C00418,김도윤,010-1438-3934,김도윤@example.com,False,관심고객,전시관행사,확정,59B,2025-10-20,제주,120000,휴면,
C00366,안선우,010-6797-8074,안선우@example.com,False,일반,직접유입,확정,74A,2024-05-21,경북,63000,이탈,
C00113,황나윤,010-9281-8491,,False,일반,포털검색광고,확정,74A,2024-01-10,경남,71000,이탈,
C00168,오태윤,010-3281-4385,오태윤@example.com,False,일반,블로그,확정,84B,2025-09-09,대전,85000,활성,
C00440,최지호,010-5361-5717,최지호@example.com,False,일반,지인추천이벤트,확정,84A,2024-10-07,강원,63000,휴면,
C00112,정도윤,010-7850-5067,user112@example.com,True,일반,전시관행사,확정,84B,2026-06-07,경남,,휴면,
C00501,전소율,010-3658-2717,전소율@example.com,False,VVIP,블로그,확정,84A,2024-01-21,경북,,활성,
C00187,임도윤,010-1981-3332,user187@example.com,True,VIP,블로그,확정,59B,2026-07-23,경북,42000,이탈,
C00111,조지우,010-6658-7532,user111@example.com,True,일반,전시관행사,확정,84B,2026-02-11,세종,120000,활성,
C00396,홍승우,010-3873-3514,user396@example.com,True,일반,옥외광고,추정,59A,2025-10-05,충남,58000,활성,
C00263,정시윤,010-8989-4796,정시윤@example.com,False,일반,전시관행사,확정,59B,2024-11-07,충남,95000,휴면,
C00453,임소율,010-2763-9366,user453@example.com,True,일반,옥외광고,추정,84A,2026-12-19,충남,71000,이탈,
C00511,최도윤,010-4221-6394,,False,일반,직접유입,확정,59B,2026-10-05,세종,35000,활성,
C00374,서나윤,010-8175-4104,user374@example.com,True,VIP,직접유입,확정,59A,2026-10-08,인천,,활성,
C00016,강서연,010-2113-4853,강서연@example.com,False,VIP,포털검색광고,확정,59B,2026-10-02,전남,,이탈,
C00356,이수아,,이수아@example.com,False,신규,전시관행사,확정,59A,2025-01-08,전북,85000,휴면,
C00131,송은서,,user131@example.com,True,일반,블로그,확정,102A,2024-10-03,인천,,활성,
C00268,조은서,010-4594-7730,user268@example.com,True,일반,포털검색광고,확정,114A,2024-10-22,대전,85000,휴면,
C00590,홍건우,010-4341-7479,user590@example.com,True,신규,직접유입,확정,102A,2026-07-12,인천,120000,활성,
C00464,홍선우,010-8489-2817,,False,일반,포털검색광고,확정,84B,2024-09-02,대전,42000,활성,
C00280,한지민,,한지민@example.com,False,일반,직접유입,확정,59B,2025-02-13,충북,42000,이탈,
C00450,강현우,010-3525-2975,강현우@example.com,False,신규,SNS광고,확정,102A,2025-11-20,부산,,활성,
C00546,이동현,010-8938-7556,이동현@example.com,False,일반,SNS광고,확정,84A,2026-12-04,강원,,활성,
C00248,장시우,,user248@example.com,True,신규,지인추천이벤트,확정,59A,2024-06-20,강원,120000,이탈,
C00178,최지호,010-1197-6916,user178@example.com,True,VIP,SNS광고,확정,114A,2026-07-12,대전,120000,활성,
C00176,홍선우,010-3293-3017,user176@example.com,True,일반,SNS광고,확정,74A,2024-04-09,울산,,이탈,
C00416,정현우,010-3764-2060,user416@example.com,True,일반,전시관행사,확정,59B,2026-07-04,경남,71000,이탈,
C00532,홍태윤,010-1099-2058,user532@example.com,True,VIP,직접유입,확정,59A,2026-03-07,광주,63000,이탈,
C00311,장수아,010-1567-5660,장수아@example.com,False,신규,지인추천이벤트,확정,74A,2024-05-08,서울,71000,이탈,
C00382,강선우,010-4433-8121,,False,일반,포털검색광고,확정,114A,2025-01-04,대전,58000,활성,
C00523,권예준,010-8171-3297,user523@example.com,True,일반,직접유입,확정,114A,2024-03-27,대전,71000,활성,
C00519,전나윤,,user519@example.com,True,VIP,직접유입,확정,102A,2025-06-23,강원,95000,이탈,
C00400,조민준,010-2431-9385,user400@example.com,True,일반,블로그,확정,74A,2026-10-17,충남,95000,활성,
C00386,윤예준,010-4546-8757,user386@example.com,True,일반,블로그,확정,102A,2025-12-28,전남,,활성,
C00083,정지호,010-3504-2234,user83@example.com,True,일반,블로그,확정,84A,2026-10-15,충북,85000,활성,
C00231,황시우,010-2659-5192,황시우@example.com,False,신규,직접유입,확정,74A,2025-01-04,경기,85000,활성,
C00530,윤민준,010-8020-4990,user530@example.com,True,VIP,지인추천이벤트,확정,74A,2025-05-07,경기,,휴면,
C00161,신은서,010-8080-7481,user161@example.com,True,VIP,포털검색광고,확정,59B,2025-10-14,광주,63000,활성,
C00553,서서연,010-4450-4687,서서연@example.com,False,VVIP,지인추천이벤트,확정,114A,2025-12-13,대전,35000,이탈,
C00108,안승우,010-5982-3697,안승우@example.com,False,일반,직접유입,확정,74A,2026-05-28,세종,58000,활성,
C00349,서하윤,010-8304-6826,서하윤@example.com,False,일반,직접유입,확정,102A,2026-09-03,경북,,활성,
C00321,오태윤,010-7332-4787,user321@example.com,True,신규,옥외광고,추정,74A,2025-10-18,제주,120000,이탈,
C00250,한지우,010-9691-8780,user250@example.com,True,VIP,전시관행사,확정,84A,2024-11-20,울산,35000,활성,
C00561,권동현,010-3641-2438,,False,일반,블로그,확정,59A,2024-09-10,대전,95000,활성,
C00491,황나윤,,황나윤@example.com,False,일반,SNS광고,확정,59A,2025-10-17,광주,,이탈,
C00393,박예준,010-2260-2791,user393@example.com,True,일반,옥외광고,추정,102A,2024-08-05,제주,35000,활성,
C00252,박도윤,010-1120-2072,user252@example.com,True,VIP,직접유입,확정,114A,2026-07-27,전남,42000,활성,
C00052,한도윤,010-1018-9889,한도윤@example.com,False,일반,블로그,확정,59B,2026-06-20,경북,35000,활성,
C00186,임시윤,010-9083-4201,user186@example.com,True,VIP,블로그,확정,84A,2024-04-18,서울,35000,휴면,
C00254,서선우,010-2036-1745,,False,일반,블로그,확정,59A,2025-11-10,강원,120000,휴면,
C00033,송동현,010-8140-8956,user33@example.com,True,일반,전시관행사,확정,102A,2026-07-24,대구,,이탈,
C00403,송은서,010-4047-7254,송은서@example.com,False,신규,블로그,확정,59A,2025-10-10,경북,63000,활성,
C00093,이현우,010-7142-4678,user93@example.com,True,일반,옥외광고,추정,114A,2026-11-11,대구,35000,활성,
C00135,이현우,010-1924-3295,user135@example.com,True,일반,포털검색광고,확정,74A,2026-10-25,충북,63000,활성,
C00145,안시우,010-6807-5379,user145@example.com,True,VIP,전시관행사,확정,84A,2025-10-08,울산,71000,활성,
C00073,임은서,010-2874-4522,user73@example.com,True,신규,직접유입,확정,84A,2025-08-13,부산,71000,활성,
C00055,장하은,010-9318-5377,장하은@example.com,False,일반,직접유입,확정,114A,2026-10-22,대구,120000,이탈,
C00063,임동현,010-2476-5835,user63@example.com,True,VIP,SNS광고,확정,59B,2024-03-26,충남,,이탈,
C00109,홍건우,010-6131-7637,user109@example.com,True,일반,포털검색광고,확정,59A,2024-02-02,세종,63000,이탈,
C00236,이민준,010-9123-3709,user236@example.com,True,일반,블로그,확정,74A,2024-06-09,전북,95000,활성,
C00057,황서연,010-2644-8213,user57@example.com,True,신규,블로그,확정,59A,2026-03-14,대구,42000,휴면,
C00053,장건우,010-8941-2989,user53@example.com,True,VIP,포털검색광고,확정,114A,2024-12-06,서울,42000,활성,
C00297,장지민,010-2808-8460,user297@example.com,True,일반,포털검색광고,확정,84A,2024-06-01,서울,71000,활성,
C00327,윤선우,010-3196-9230,user327@example.com,True,VIP,전시관행사,확정,59B,2025-08-16,울산,35000,휴면,
C00584,임시윤,010-3517-1717,user584@example.com,True,일반,SNS광고,확정,84B,2026-05-25,충남,85000,휴면,
C00074,정선우,010-2527-8075,정선우@example.com,False,VIP,전시관행사,확정,114A,2024-09-02,충북,42000,휴면,
C00043,조지우,010-4033-4138,user43@example.com,True,VIP,블로그,확정,74A,2026-10-25,강원,42000,활성,
C00141,오지우,010-3390-1265,user141@example.com,True,신규,포털검색광고,확정,84B,2026-07-10,울산,95000,이탈,
C00436,강유진,010-9973-6353,user436@example.com,True,VIP,블로그,확정,114A,2024-11-21,대구,35000,휴면,
C00474,박수아,010-7468-5320,user474@example.com,True,VIP,SNS광고,확정,84A,2026-08-24,대전,58000,이탈,
C00409,권나윤,010-3821-5991,권나윤@example.com,False,VIP,옥외광고,추정,59B,2024-12-05,강원,58000,활성,
C00194,홍우진,010-8848-1999,user194@example.com,True,일반,SNS광고,확정,59B,2025-04-21,제주,63000,이탈,
C00372,안유진,010-2148-9849,안유진@example.com,False,VIP,SNS광고,확정,102A,2025-02-19,충남,85000,활성,
C00126,장유진,010-4164-3875,user126@example.com,True,일반,SNS광고,확정,84B,2025-02-13,대전,58000,휴면,
C00275,정준서,010-4633-7075,정준서@example.com,False,관심고객,블로그,확정,102A,2025-07-20,강원,,활성,
C00562,윤서준,010-5807-9750,user562@example.com,True,VIP,포털검색광고,확정,84A,2026-06-17,충남,,이탈,
C00153,신윤서,010-5123-5040,user153@example.com,True,관심고객,포털검색광고,확정,59B,2025-02-05,전북,85000,이탈,
C00114,김태윤,010-6992-7606,user114@example.com,True,VIP,SNS광고,확정,59A,2026-09-07,강원,42000,휴면,
C00335,권예준,010-5556-4401,,False,VIP,지인추천이벤트,확정,59A,2026-06-02,강원,85000,활성,
C00123,최지민,010-3252-1084,user123@example.com,True,일반,블로그,확정,84A,2026-04-25,충북,71000,활성,
C00096,신민준,010-2402-9576,user96@example.com,True,VIP,블로그,확정,84B,2026-09-18,경기,85000,활성,
C00184,황수아,010-1579-7870,user184@example.com,True,일반,직접유입,확정,84A,2026-06-09,충남,42000,이탈,
C00571,서민준,010-7962-9754,user571@example.com,True,일반,블로그,확정,102A,2026-01-20,대전,,활성,
C00504,김하윤,,김하윤@example.com,False,VIP,지인추천이벤트,확정,84A,2026-02-11,강원,120000,활성,
C00586,황선우,010-7541-2195,user586@example.com,True,신규,SNS광고,확정,84A,2026-05-07,광주,,활성,
C00376,정시윤,,user376@example.com,True,VIP,블로그,확정,102A,2024-08-20,대구,35000,활성,
C00381,김건우,010-2567-6929,user381@example.com,True,신규,직접유입,확정,74A,2024-04-04,경남,120000,활성,
C00502,윤준서,010-7158-4363,윤준서@example.com,False,VIP,블로그,확정,74A,2024-02-12,대구,71000,휴면,
C00446,이은서,010-9077-2843,user446@example.com,True,VIP,전시관행사,확정,59A,2024-05-06,제주,71000,이탈,
C00041,장건우,010-7658-9004,user41@example.com,True,VIP,블로그,확정,102A,2026-08-15,인천,71000,활성,
C00279,전윤서,010-4985-6565,user279@example.com,True,VIP,블로그,확정,84B,2024-08-04,전북,63000,활성,
C00363,장윤서,010-3860-3476,,False,일반,지인추천이벤트,확정,74A,2026-04-16,경기,58000,이탈,
C00317,박윤서,010-2467-2843,박윤서@example.com,False,일반,전시관행사,확정,74A,2024-06-12,서울,58000,활성,
C00551,한하은,010-9515-4639,user551@example.com,True,일반,블로그,확정,84B,2025-06-05,강원,63000,휴면,
C00458,김태윤,010-7418-1834,user458@example.com,True,VIP,옥외광고,추정,102A,2026-07-14,강원,35000,휴면,
C00304,한시윤,010-3627-2128,user304@example.com,True,신규,직접유입,확정,114A,2025-09-12,제주,95000,활성,
C00395,전선우,010-5982-3161,user395@example.com,True,VIP,직접유입,확정,59B,2025-06-10,경기,120000,활성,
C00410,정예준,010-1308-8934,user410@example.com,True,VIP,직접유입,확정,59A,2024-11-17,경남,42000,활성,
C00006,서나윤,010-5040-9830,서나윤@example.com,False,VIP,포털검색광고,확정,84A,2026-07-12,제주,120000,활성,
C00423,전예준,010-6531-3781,전예준@example.com,False,신규,전시관행사,확정,59A,2025-11-28,제주,95000,활성,
C00459,서준서,010-8993-4799,user459@example.com,True,신규,블로그,확정,84A,2026-06-18,전남,120000,활성,
C00404,김시우,010-8742-3034,user404@example.com,True,일반,지인추천이벤트,확정,84A,2026-11-08,경남,42000,이탈,
C00048,윤승우,010-4241-7965,user48@example.com,True,신규,직접유입,확정,102A,2024-05-27,대전,71000,이탈,
C00105,박동현,010-6692-2063,user105@example.com,True,VVIP,직접유입,확정,114A,2024-12-23,대전,85000,이탈,
C00166,윤건우,010-9115-9369,user166@example.com,True,관심고객,옥외광고,추정,74A,2026-06-18,경기,120000,이탈,
C00284,안은서,010-7216-2650,,False,일반,포털검색광고,확정,114A,2025-03-18,세종,120000,이탈,
C00134,조승우,,조승우@example.com,False,VIP,SNS광고,확정,84B,2024-04-07,경기,35000,활성,
C00322,김서연,010-7445-3572,user322@example.com,True,일반,전시관행사,확정,74A,2026-05-08,제주,71000,활성,
C00526,최동현,010-1721-7810,최동현@example.com,False,일반,전시관행사,확정,74A,2026-11-07,전북,95000,활성,
C00442,서유진,010-1962-1853,user442@example.com,True,VVIP,직접유입,확정,84A,2025-10-22,경기,,휴면,
C00486,장가은,010-4485-9361,user486@example.com,True,VIP,지인추천이벤트,확정,102A,2026-10-03,전북,42000,활성,
C00324,전시우,010-8359-9883,user324@example.com,True,일반,지인추천이벤트,확정,84B,2026-11-26,강원,,활성,
C00061,임선우,010-5901-7951,user61@example.com,True,신규,직접유입,확정,59B,2025-08-04,충남,,활성,
C00065,박동현,010-7038-5295,user65@example.com,True,일반,전시관행사,확정,59A,2026-04-16,충북,,활성,
C00435,강승우,010-7656-1555,user435@example.com,True,일반,옥외광고,추정,114A,2025-08-24,충북,95000,활성,
C00585,최승우,010-9255-1358,user585@example.com,True,관심고객,직접유입,확정,102A,2024-05-02,경기,63000,휴면,
C00051,황수아,010-3634-6403,user51@example.com,True,VIP,블로그,확정,74A,2026-07-27,경기,85000,활성,
C00119,조지민,010-2020-3262,user119@example.com,True,신규,전시관행사,확정,102A,2025-09-13,대전,120000,이탈,
C00560,서건우,010-2047-9501,서건우@example.com,False,일반,직접유입,확정,102A,2024-03-28,대전,35000,이탈,
C00082,최지호,010-6083-6562,user82@example.com,True,일반,지인추천이벤트,확정,59A,2026-11-04,광주,85000,활성,
C00265,서승우,010-6653-8976,user265@example.com,True,VVIP,포털검색광고,확정,59A,2026-03-15,제주,71000,활성,
C00449,조태윤,010-1909-2158,user449@example.com,True,VIP,SNS광고,확정,74A,2024-04-25,인천,35000,활성,
C00207,장예준,010-7249-7052,user207@example.com,True,신규,블로그,확정,74A,2025-08-09,경기,42000,활성,
C00089,윤시우,010-9317-9843,user89@example.com,True,VIP,전시관행사,확정,114A,2026-03-20,대전,58000,이탈,
C00588,장태윤,010-4440-9758,장태윤@example.com,False,VIP,전시관행사,확정,102A,2026-06-11,세종,58000,휴면,
C00200,송유진,010-3872-7199,송유진@example.com,False,VIP,직접유입,확정,59B,2024-12-01,전북,,활성,
C00326,신지민,010-5485-3489,user326@example.com,True,VIP,지인추천이벤트,확정,59B,2024-10-20,울산,,활성,
C00066,박채원,010-7689-2911,박채원@example.com,False,VIP,블로그,확정,74A,2025-02-04,대구,95000,휴면,
C00027,강우진,010-5978-5700,user27@example.com,True,일반,포털검색광고,확정,84B,2026-06-15,광주,,휴면,
C00296,송지민,010-7385-7199,user296@example.com,True,일반,옥외광고,추정,84A,2026-04-17,세종,71000,이탈,
C00411,이예준,010-3028-4365,,False,VIP,전시관행사,확정,59A,2024-03-28,세종,,활성,
C00425,홍서준,010-2234-9779,user425@example.com,True,일반,직접유입,확정,59A,2025-10-13,인천,,활성,
C00202,김윤서,010-2770-1020,user202@example.com,True,일반,블로그,확정,102A,2025-03-14,전북,85000,이탈,
C00330,서다은,010-8201-7521,서다은@example.com,False,일반,직접유입,확정,84A,2024-07-10,경기,58000,휴면,
C00316,송현우,010-3136-3209,user316@example.com,True,신규,직접유입,확정,84A,2025-11-19,제주,63000,활성,
C00099,황윤서,010-1783-6438,user99@example.com,True,VIP,전시관행사,확정,84A,2025-12-15,전북,85000,활성,
C00201,강우진,010-2705-9129,user201@example.com,True,일반,옥외광고,추정,59B,2025-06-06,인천,85000,휴면,
C00285,한수아,010-7099-6981,user285@example.com,True,일반,블로그,확정,59B,2026-03-19,부산,63000,이탈,
C00490,김지호,010-6862-4137,김지호@example.com,False,일반,포털검색광고,확정,102A,2025-12-08,충남,35000,활성,
C00221,임태윤,010-5813-2599,user221@example.com,True,VIP,직접유입,확정,102A,2026-03-22,인천,63000,활성,
C00293,강민준,010-8801-8654,user293@example.com,True,신규,블로그,확정,59B,2026-09-06,경북,,휴면,
C00088,임건우,010-9624-2531,user88@example.com,True,신규,전시관행사,확정,59A,2025-05-06,충북,120000,활성,
C00172,송소율,010-1793-1752,user172@example.com,True,VIP,블로그,확정,59A,2024-03-15,전남,63000,활성,
C00163,전도윤,010-5873-2388,user163@example.com,True,일반,옥외광고,추정,59B,2025-02-06,대구,,휴면,
C00308,오동현,010-1666-2153,오동현@example.com,False,VIP,직접유입,확정,84B,2024-02-24,광주,63000,이탈,
C00420,이서연,010-3689-9052,user420@example.com,True,VIP,직접유입,확정,102A,2025-08-25,경남,,이탈,
C00387,전시우,010-3569-5453,전시우@example.com,False,VIP,블로그,확정,59A,2025-09-13,부산,63000,활성,
C00419,조서준,010-6629-9856,user419@example.com,True,일반,블로그,확정,84A,2024-07-15,전북,120000,휴면,
C00558,서윤서,,user558@example.com,True,VIP,옥외광고,추정,59A,2025-11-22,울산,35000,이탈,
C00481,홍지우,010-1381-6569,,False,VIP,SNS광고,확정,59A,2026-06-13,부산,,활성,
C00405,오소율,010-8799-2959,user405@example.com,True,신규,포털검색광고,확정,59A,2025-03-19,경북,58000,활성,
C00014,송도윤,010-2528-4872,user14@example.com,True,일반,블로그,확정,84A,2024-07-02,전북,71000,휴면,
C00008,장하은,010-8433-1053,user8@example.com,True,신규,지인추천이벤트,확정,84B,2024-11-10,제주,,활성,
C00518,신가은,010-6084-4325,신가은@example.com,False,일반,직접유입,확정,59A,2024-08-03,울산,,활성,
C00542,권채원,010-2307-5802,권채원@example.com,False,일반,옥외광고,추정,74A,2024-06-01,경남,120000,활성,
C00563,안주원,010-1601-4081,user563@example.com,True,일반,직접유입,확정,59B,2026-09-07,세종,58000,이탈,
C00003,홍윤서,010-7201-2291,홍윤서@example.com,False,일반,포털검색광고,확정,114A,2025-10-07,경기,71000,활성,
C00124,박채원,010-1611-3868,user124@example.com,True,VVIP,지인추천이벤트,확정,59A,2025-08-06,강원,35000,활성,
C00345,조지우,010-6363-3347,조지우@example.com,False,일반,블로그,확정,102A,2024-04-24,제주,42000,활성,
C00213,한가은,010-2609-4734,한가은@example.com,False,일반,블로그,확정,114A,2025-05-24,인천,63000,휴면,
C00408,한승우,010-4622-4087,한승우@example.com,False,일반,블로그,확정,59A,2024-03-01,강원,85000,활성,
C00056,황수아,010-6272-4090,user56@example.com,True,관심고객,SNS광고,확정,59B,2025-01-11,전북,95000,활성,
C00591,권하윤,010-3955-5621,권하윤@example.com,False,일반,지인추천이벤트,확정,59B,2025-11-20,인천,95000,활성,
C00158,최민준,010-4621-8303,user158@example.com,True,일반,블로그,확정,114A,2026-10-23,충남,35000,휴면,
C00136,정선우,010-3869-7999,user136@example.com,True,VIP,전시관행사,확정,102A,2026-07-26,전남,95000,활성,
C00338,홍승우,010-6185-5254,홍승우@example.com,False,VVIP,지인추천이벤트,확정,84B,2026-08-17,경남,120000,활성,
C00451,황은서,010-7931-2478,황은서@example.com,False,일반,전시관행사,확정,84B,2024-07-21,경기,120000,활성,
C00138,장주원,010-7079-2514,user138@example.com,True,VIP,직접유입,확정,84A,2026-10-20,광주,,이탈,
C00260,황은서,010-2783-3879,user260@example.com,True,일반,직접유입,확정,114A,2024-09-07,인천,42000,활성,
C00506,신채원,010-4098-9773,,False,일반,지인추천이벤트,확정,74A,2024-01-21,대구,,이탈,
C00401,신수아,010-6047-8300,,False,일반,블로그,확정,102A,2025-08-10,전남,95000,활성,
C00192,오선우,010-5240-2228,user192@example.com,True,VIP,직접유입,확정,102A,2025-03-03,충북,42000,활성,
C00566,한채원,010-3397-4698,user566@example.com,True,VIP,옥외광고,추정,84A,2024-07-04,부산,71000,이탈,
C00203,서도윤,010-4695-3664,서도윤@example.com,False,VIP,블로그,확정,74A,2024-06-09,인천,85000,활성,
C00550,장도윤,010-4082-2902,user550@example.com,True,VIP,전시관행사,확정,84A,2026-12-01,광주,95000,휴면,
C00402,전우진,010-9606-6495,user402@example.com,True,VVIP,포털검색광고,확정,114A,2025-02-01,세종,95000,활성,
C00331,권예준,010-9952-3216,권예준@example.com,False,일반,전시관행사,확정,84A,2024-03-15,광주,120000,활성,
C00540,조승우,,조승우@example.com,False,VIP,블로그,확정,59A,2024-02-25,제주,95000,활성,
C00465,오하윤,010-9165-2626,오하윤@example.com,False,VIP,전시관행사,확정,74A,2024-02-28,서울,85000,활성,
C00212,황서연,010-7581-1635,user212@example.com,True,VVIP,전시관행사,확정,102A,2024-01-24,세종,85000,활성,
C00238,홍우진,010-8474-6584,user238@example.com,True,일반,블로그,확정,114A,2024-08-11,경남,85000,휴면,
C00468,이채원,010-5845-7869,이채원@example.com,False,VVIP,블로그,확정,114A,2025-12-24,충남,35000,활성,
C00407,강건우,010-5932-5447,user407@example.com,True,VIP,블로그,확정,84B,2025-03-01,충남,120000,휴면,
C00180,박채원,010-6077-2294,user180@example.com,True,일반,지인추천이벤트,확정,84B,2025-07-19,인천,71000,휴면,
C00589,홍서준,010-6824-4592,,False,VIP,직접유입,확정,59A,2026-11-28,부산,95000,활성,
C00241,정준서,010-8091-8912,user241@example.com,True,VIP,포털검색광고,확정,59B,2026-03-04,충북,,휴면,
C00531,한시우,010-9533-7797,user531@example.com,True,일반,블로그,확정,59B,2026-06-11,경기,63000,활성,
C00101,임은서,010-6759-8325,user101@example.com,True,VIP,전시관행사,확정,84B,2025-05-21,경기,95000,활성,
C00059,신도윤,010-3725-5906,신도윤@example.com,False,VIP,전시관행사,확정,114A,2024-05-12,대구,63000,이탈,
C00552,권시우,010-1562-6245,user552@example.com,True,신규,옥외광고,추정,74A,2026-10-16,광주,120000,활성,
C00283,안윤서,010-9613-7933,user283@example.com,True,신규,블로그,확정,84B,2025-07-28,대전,120000,활성,
C00398,김시윤,010-5842-8764,user398@example.com,True,일반,포털검색광고,확정,102A,2024-10-24,경북,85000,활성,
C00115,안은서,010-2946-3108,안은서@example.com,False,일반,전시관행사,확정,114A,2025-09-12,광주,,이탈,
C00216,김지호,010-8775-6730,user216@example.com,True,VIP,직접유입,확정,102A,2026-02-10,대전,,활성,
C00537,황채원,010-7947-5043,user537@example.com,True,신규,블로그,확정,114A,2025-11-23,대구,71000,이탈,
C00579,조준서,010-9230-3968,조준서@example.com,False,일반,포털검색광고,확정,102A,2026-03-08,경기,58000,휴면,
C00342,송나윤,010-1917-9537,user342@example.com,True,관심고객,전시관행사,확정,84B,2026-01-07,충북,85000,활성,
C00034,김승우,,user34@example.com,True,VIP,SNS광고,확정,59B,2025-03-02,충북,63000,휴면,
C00103,전서연,010-7095-8273,user103@example.com,True,관심고객,지인추천이벤트,확정,84B,2025-07-11,울산,42000,활성,
C00509,오윤서,010-8282-9500,user509@example.com,True,일반,포털검색광고,확정,59A,2025-09-20,경북,120000,휴면,
C00520,강지민,010-8501-7302,user520@example.com,True,VIP,포털검색광고,확정,59A,2025-12-02,세종,,활성,
C00548,송지호,010-2465-2728,user548@example.com,True,VIP,블로그,확정,59B,2025-07-25,세종,120000,활성,
C00092,최유진,010-3626-5469,최유진@example.com,False,VVIP,블로그,확정,59B,2025-02-08,충남,35000,휴면,
C00107,서유진,010-2208-3053,서유진@example.com,False,VIP,옥외광고,추정,84A,2025-11-17,대전,58000,휴면,
C00090,강시윤,010-4891-8277,user90@example.com,True,일반,블로그,확정,59B,2026-04-10,경남,63000,활성,
C00102,안동현,,안동현@example.com,False,일반,포털검색광고,확정,102A,2025-01-05,충남,85000,휴면,
C00291,권지민,010-4844-5122,user291@example.com,True,일반,지인추천이벤트,확정,84A,2024-02-03,경남,,활성,
C00292,김하은,010-5300-3544,user292@example.com,True,VIP,SNS광고,확정,74A,2024-04-24,대구,58000,이탈,
C00391,정지우,010-4437-4693,user391@example.com,True,일반,직접유입,확정,84B,2026-07-09,충남,120000,휴면,
C00447,전주원,010-3958-7822,user447@example.com,True,일반,블로그,확정,102A,2024-06-01,부산,,활성,
C00167,조지민,010-5877-1528,user167@example.com,True,일반,전시관행사,확정,114A,2024-08-28,울산,63000,이탈,
C00182,강수아,010-2934-1480,user182@example.com,True,일반,SNS광고,확정,74A,2026-02-09,인천,120000,휴면,
C00383,황다은,010-6340-7865,user383@example.com,True,VIP,전시관행사,확정,59B,2024-06-08,전남,63000,휴면,
C00597,정하은,010-8838-2102,user597@example.com,True,관심고객,SNS광고,확정,102A,2025-03-03,대구,58000,휴면,
C00574,최민준,010-1145-2660,user574@example.com,True,신규,직접유입,확정,59A,2026-09-05,경남,35000,활성,
C00570,박시윤,010-2385-5683,user570@example.com,True,일반,블로그,확정,84A,2026-09-24,제주,,활성,
C00344,오은서,010-3867-2838,오은서@example.com,False,일반,블로그,확정,114A,2024-02-15,경남,,활성,
C00536,신현우,010-2167-7697,신현우@example.com,False,VVIP,옥외광고,추정,84A,2026-03-07,세종,85000,이탈,
C00437,조채원,010-5089-9460,user437@example.com,True,일반,포털검색광고,확정,102A,2025-06-15,대구,71000,활성,
C00539,신하윤,010-9735-7271,신하윤@example.com,False,VIP,SNS광고,확정,114A,2026-02-04,충남,58000,활성,
C00361,임우진,010-8681-8438,user361@example.com,True,관심고객,전시관행사,확정,84A,2025-05-10,강원,,활성,
C00421,전준서,010-7412-5315,user421@example.com,True,관심고객,SNS광고,확정,84B,2026-06-25,충북,35000,활성,
C00424,김유진,010-7394-6282,,False,일반,블로그,확정,59A,2026-11-07,제주,85000,활성,
C00467,오민준,010-9476-2140,user467@example.com,True,일반,전시관행사,확정,84A,2024-07-02,경기,58000,이탈,
C00572,강예준,010-1834-7925,user572@example.com,True,일반,지인추천이벤트,확정,74A,2024-06-22,부산,71000,활성,
C00128,강현우,010-6095-2923,user128@example.com,True,일반,포털검색광고,확정,59B,2024-03-16,충남,95000,이탈,
C00515,홍소율,010-7400-2043,홍소율@example.com,False,일반,블로그,확정,59A,2025-10-15,강원,42000,활성,
C00315,윤시우,010-8300-9269,user315@example.com,True,일반,SNS광고,확정,74A,2025-03-05,경남,,활성,
C00310,강건우,010-6163-6319,강건우@example.com,False,일반,SNS광고,확정,114A,2026-06-20,광주,95000,이탈,
C00017,안지우,010-4910-5351,안지우@example.com,False,VIP,직접유입,확정,84A,2025-02-01,부산,,활성,
C00373,서서연,010-9759-6571,user373@example.com,True,일반,블로그,확정,114A,2025-11-07,전북,63000,활성,
C00380,정주원,010-4919-3859,user380@example.com,True,관심고객,지인추천이벤트,확정,102A,2025-10-03,강원,85000,휴면,
C00576,조도윤,010-6426-1517,,False,VIP,직접유입,확정,84A,2026-05-04,경남,58000,활성,
C00196,오하은,010-5060-4951,user196@example.com,True,신규,블로그,확정,114A,2024-10-28,전북,85000,활성,
C00215,강주원,010-1541-8478,강주원@example.com,False,VVIP,전시관행사,확정,102A,2024-05-12,제주,95000,활성,
C00357,서현우,010-3278-4083,user357@example.com,True,일반,전시관행사,확정,114A,2025-03-10,대구,58000,활성,
C00222,윤시윤,010-7089-5269,윤시윤@example.com,False,신규,옥외광고,추정,84A,2024-11-19,인천,120000,활성,
C00171,한소율,010-8511-6869,user171@example.com,True,일반,블로그,확정,84A,2024-07-27,충북,71000,활성,
C00431,정지호,010-9551-9605,user431@example.com,True,신규,옥외광고,추정,59B,2026-02-25,충북,,휴면,
C00193,권서연,010-7471-9128,user193@example.com,True,일반,SNS광고,확정,59B,2025-04-06,경북,58000,활성,
C00224,한채원,010-8406-5481,한채원@example.com,False,일반,지인추천이벤트,확정,84B,2024-08-26,인천,58000,이탈,
C00038,전동현,010-2129-9289,user38@example.com,True,VIP,SNS광고,확정,114A,2025-02-14,경북,58000,휴면,
C00100,황유진,010-2353-7955,user100@example.com,True,일반,포털검색광고,확정,114A,2024-09-10,인천,85000,활성,
C00461,정나윤,010-6902-8738,user461@example.com,True,관심고객,직접유입,확정,74A,2026-12-03,대구,58000,활성,
C00129,황하은,010-5054-2341,user129@example.com,True,신규,전시관행사,확정,59A,2026-02-02,제주,63000,이탈,
C00462,강우진,010-9089-5975,user462@example.com,True,일반,블로그,확정,59A,2024-06-09,대전,58000,이탈,
C00004,윤태윤,010-6977-3664,user4@example.com,True,일반,직접유입,확정,102A,2025-12-22,대전,,활성,
C00534,박수아,010-9278-8101,user534@example.com,True,일반,블로그,확정,59A,2025-07-28,대구,,활성,
C00270,최예준,010-1019-8069,user270@example.com,True,일반,블로그,확정,102A,2026-07-08,경남,95000,활성,
C00417,전윤서,010-6834-8795,전윤서@example.com,False,신규,블로그,확정,74A,2024-08-04,경남,63000,활성,
C00117,전지우,010-5911-8780,user117@example.com,True,일반,전시관행사,확정,102A,2024-07-19,서울,71000,이탈,
C00577,서다은,010-3153-2797,서다은@example.com,False,일반,블로그,확정,59B,2024-06-17,울산,35000,활성,
C00512,임가은,010-1194-8733,user512@example.com,True,일반,SNS광고,확정,59B,2024-12-24,제주,,이탈,
C00152,한태윤,010-2387-4977,user152@example.com,True,VIP,SNS광고,확정,59B,2024-05-10,대구,42000,활성,
C00470,한현우,010-9860-5651,한현우@example.com,False,VIP,블로그,확정,84B,2025-09-11,대전,35000,활성,
C00155,윤지우,010-2865-4273,user155@example.com,True,VIP,블로그,확정,59A,2026-08-23,인천,95000,휴면,
C00015,임지민,010-8973-3536,user15@example.com,True,일반,직접유입,확정,59A,2026-12-18,경기,,이탈,
C00332,장지우,010-3024-2494,user332@example.com,True,VIP,블로그,확정,102A,2025-02-17,제주,,활성,
C00149,오서연,010-7499-6347,user149@example.com,True,VIP,직접유입,확정,114A,2025-08-08,전북,95000,활성,
C00080,한도윤,010-7229-9725,user80@example.com,True,신규,블로그,확정,114A,2026-06-03,경기,120000,활성,
C00593,홍민준,010-9886-6544,,False,일반,지인추천이벤트,확정,84A,2026-08-27,경남,58000,활성,
C00575,장지호,010-3984-9788,user575@example.com,True,VIP,블로그,확정,102A,2025-03-05,전남,35000,활성,
C00011,안은서,010-4770-4608,user11@example.com,True,VIP,블로그,확정,59B,2024-01-28,제주,63000,활성,
C00399,황나윤,010-1406-7580,user399@example.com,True,신규,전시관행사,확정,59A,2025-01-20,제주,63000,활성,
C00364,정가은,010-4898-8211,user364@example.com,True,일반,포털검색광고,확정,102A,2025-01-21,부산,95000,휴면,
C00448,한시우,010-8861-8439,user448@example.com,True,관심고객,블로그,확정,74A,2024-11-20,충북,,활성,
C00549,정승우,010-6452-4666,user549@example.com,True,VIP,전시관행사,확정,84A,2026-12-24,전남,63000,활성,
C00487,송윤서,010-6215-6613,송윤서@example.com,False,일반,블로그,확정,74A,2024-11-11,경북,,활성,
C00494,서주원,010-4696-7943,user494@example.com,True,VVIP,직접유입,확정,59B,2024-06-10,부산,35000,이탈,
C00358,박채원,010-8155-3224,user358@example.com,True,VIP,SNS광고,확정,114A,2025-12-20,대전,120000,이탈,
C00204,서하윤,010-2525-6536,서하윤@example.com,False,VIP,블로그,확정,84A,2026-03-20,대전,35000,활성,
C00169,임소율,010-2560-3221,user169@example.com,True,VVIP,블로그,확정,74A,2026-03-23,울산,58000,활성,
C00305,김우진,010-2037-9830,김우진@example.com,False,일반,블로그,확정,102A,2025-09-05,충북,95000,활성,
C00439,조윤서,010-8027-5262,조윤서@example.com,False,VIP,전시관행사,확정,59B,2026-02-01,전남,120000,휴면,
C00095,윤서준,010-8489-2029,user95@example.com,True,일반,블로그,확정,84B,2026-01-21,울산,58000,활성,
C00466,안하윤,010-6908-5021,user466@example.com,True,일반,블로그,확정,84A,2024-03-26,전남,120000,이탈,
C00189,장지호,010-2785-3546,user189@example.com,True,VIP,블로그,확정,84A,2025-07-04,광주,120000,활성,
C00266,정하윤,010-4773-7793,user266@example.com,True,VIP,옥외광고,추정,84A,2026-08-16,전남,35000,활성,
C00220,김채원,010-7628-7361,user220@example.com,True,관심고객,포털검색광고,확정,114A,2024-06-24,경남,85000,이탈,
C00538,권선우,010-3644-1202,user538@example.com,True,일반,옥외광고,추정,102A,2026-07-13,인천,,활성,
C00430,장동현,010-1691-8960,장동현@example.com,False,VIP,옥외광고,추정,74A,2026-05-28,충남,42000,휴면,
C00463,이동현,010-2977-4671,user463@example.com,True,일반,전시관행사,확정,114A,2025-01-25,세종,58000,이탈,
C00306,최도윤,010-3126-3926,user306@example.com,True,일반,옥외광고,추정,84A,2024-02-02,전북,120000,이탈,
C00084,권예준,010-1920-6766,user84@example.com,True,일반,블로그,확정,84A,2024-01-12,인천,42000,이탈,
C00415,송지민,010-2140-8793,user415@example.com,True,VIP,블로그,확정,102A,2025-11-04,제주,42000,활성,
C00281,강준서,010-3994-4115,user281@example.com,True,VIP,직접유입,확정,59B,2026-04-28,울산,63000,활성,
C00071,박준서,010-8405-9254,user71@example.com,True,관심고객,블로그,확정,102A,2026-09-10,서울,95000,휴면,
C00146,이예준,010-1154-3807,user146@example.com,True,신규,SNS광고,확정,102A,2025-10-28,제주,35000,활성,
C00086,강서연,010-9564-3600,user86@example.com,True,일반,직접유입,확정,84A,2025-06-22,충북,42000,활성,
C00181,윤서연,010-1901-6067,user181@example.com,True,VIP,블로그,확정,102A,2024-12-01,제주,,활성,
C00259,오동현,,user259@example.com,True,일반,직접유입,확정,102A,2026-11-14,충남,58000,활성,
C00277,박윤서,010-4281-9482,박윤서@example.com,False,VIP,옥외광고,추정,59A,2026-05-24,충남,85000,활성,
C00024,조현우,010-5573-6753,user24@example.com,True,VIP,블로그,확정,74A,2024-02-09,경기,85000,활성,
C00217,윤채원,010-9409-1328,user217@example.com,True,신규,지인추천이벤트,확정,102A,2024-10-26,강원,71000,휴면,
C00485,송하윤,010-8401-1684,송하윤@example.com,False,일반,블로그,확정,114A,2026-05-21,서울,71000,이탈,
C00441,강지민,010-4858-8388,,False,일반,포털검색광고,확정,102A,2026-08-03,충북,95000,활성,
C00371,이예준,010-1307-9154,user371@example.com,True,VIP,블로그,확정,59A,2026-07-09,전북,,활성,
C00064,장가은,010-5835-6549,user64@example.com,True,신규,옥외광고,추정,59B,2024-11-24,전북,,활성,
C00390,한시윤,010-6963-1844,한시윤@example.com,False,일반,전시관행사,확정,84A,2026-01-12,인천,,활성,
C00582,오지우,,user582@example.com,True,신규,지인추천이벤트,확정,74A,2025-12-26,제주,,활성,
C00328,김승우,010-4323-4351,user328@example.com,True,VIP,블로그,확정,114A,2026-08-23,경북,63000,휴면,
C00219,황예준,010-5536-5278,user219@example.com,True,일반,지인추천이벤트,확정,84B,2024-01-26,전북,85000,활성,
C00150,전선우,010-5037-2204,user150@example.com,True,일반,지인추천이벤트,확정,84A,2026-11-05,충북,85000,활성,
C00559,전소율,010-3967-7290,user559@example.com,True,VIP,SNS광고,확정,74A,2026-03-04,대전,95000,활성,
C00040,권소율,,user40@example.com,True,일반,전시관행사,확정,59B,2025-04-12,충북,71000,이탈,
C00286,신태윤,010-3450-8749,user286@example.com,True,VIP,SNS광고,확정,84A,2024-11-17,충북,120000,활성,
C00118,전지호,010-7229-3421,전지호@example.com,False,VIP,포털검색광고,확정,102A,2024-04-01,전남,58000,휴면,
C00488,김승우,,user488@example.com,True,신규,블로그,확정,59A,2026-03-14,경남,95000,이탈,
C00218,서태윤,010-9530-7506,user218@example.com,True,VIP,블로그,확정,102A,2025-09-21,강원,71000,활성,
C00498,조도윤,010-4172-3064,user498@example.com,True,일반,SNS광고,확정,84A,2026-10-15,경기,,휴면,
C00351,황민준,010-3798-5624,user351@example.com,True,관심고객,포털검색광고,확정,59B,2026-02-13,부산,42000,활성,
C00325,신승우,010-3589-6201,신승우@example.com,False,신규,블로그,확정,102A,2024-03-11,대구,35000,활성,
C00067,오선우,010-3531-7797,오선우@example.com,False,일반,블로그,확정,84B,2025-05-02,광주,120000,휴면,
C00337,박서준,010-6393-9635,user337@example.com,True,신규,직접유입,확정,102A,2024-10-02,제주,42000,휴면,
C00412,오하윤,010-9272-2119,오하윤@example.com,False,일반,포털검색광고,확정,114A,2024-09-07,강원,58000,이탈,
C00205,한주원,010-9849-5346,한주원@example.com,False,일반,직접유입,확정,59A,2024-07-19,경남,58000,활성,
